{
  "navigationBarTitleText": "订单确认",
  "usingComponents": {
    "t-popup": "tdesign-miniprogram/popup/popup",
    "t-toast": "tdesign-miniprogram/toast/toast",
    "t-icon": "tdesign-miniprogram/icon/icon",
    "t-cell": "tdesign-miniprogram/cell/cell",
    "t-dialog": "tdesign-miniprogram/dialog/dialog",
    "t-textarea": "tdesign-miniprogram/textarea/textarea",
    "price": "/components/price/index",
    "select-coupons": "../components/selectCoupons/selectCoupons",
    "no-goods": "../components/noGoods/noGoods",
    "t-image": "/components/webp-image/index",
    "address-card": "./components/address-card/index"
  }
}