{
  "navigationBarTitleText": "",
  "usingComponents": {
    "wr-loading-content": "/components/loading-content/index",
    "wr-price": "/components/price/index",
    "wr-service-goods-card": "../components/order-goods-card/index",
    "t-cell": "tdesign-miniprogram/cell/cell",
    "t-icon": "tdesign-miniprogram/icon/icon",
    "t-cell-group": "tdesign-miniprogram/cell-group/cell-group",
    "t-pull-down-refresh": "tdesign-miniprogram/pull-down-refresh/pull-down-refresh",
    "t-grid": "tdesign-miniprogram/grid/grid",
    "t-grid-item": "tdesign-miniprogram/grid/grid-item",
    "t-toast": "tdesign-miniprogram/toast/toast",
    "t-dialog": "tdesign-miniprogram/dialog/dialog",
    "t-input": "tdesign-miniprogram/input/input",
    "t-swiper": "tdesign-miniprogram/swiper/swiper",
    "wr-after-service-button-bar": "../components/after-service-button-bar/index",
    "t-image": "/components/webp-image/index"
  }
}